Arlyn,Wardall,1591416092
Heddie,Craddy,9332648140
Whitney,Daniele,8076587107
Shanta,Masdin,8686937436
Giraldo,Pinsent,4651917003
Tabor,Danby,6976221335
Pernell,Woodfin,1917831832
Lorna,Heatly,4621983890
Reed,Lensch,9051288134
Fran,Meriel,8547230280
Gearard,Crosse,3369625636
Emlyn,Harder,4301087715
Moira,Campling,8024376993
Christin,Derwin,3852412071
Terencio,Restall,7887642314
Ulberto,Pucker,2557726028
Gustav,Pizzey,4483119014
Lon,Scandrett,3017508649
Spenser,McKerton,8847473471
Annamaria,Igo,6002002719
Rikki,Rudsdell,1716689282
Luciana,Matterson,2476196474
Maurice,William,9073414808
Murray,Mostyn,4719312384